{"profit": 57.6801789999995, "returns": 4.7974462634018025}